Customer Comment,Sentiment,Aspect
การคืนสินค้าใช้เวลานานกว่าที่คาดหวัง,Negative,การคืนสินค้า
กระบวนการคืนสินค้าเป็นไปอย่างราบรื่น,Positive,การคืนสินค้า
ฉันยังไม่ได้รับเงินคืนจากการคืนสินค้า,Negative,การคืนสินค้า
การประกันครอบคลุมความเสียหายได้ครบถ้วน,Positive,ประกัน
ข้อมูลประกันไม่ค่อยชัดเจน,Neutral,ประกัน
ขอรายละเอียดเพิ่มเติมเกี่ยวกับการใช้งานสินค้า,Neutral,รายละเอียดเพิ่มเติม
การตอบกลับของซัพพอร์ตเร็วและสุภาพ,Positive,รายละเอียดเพิ่มเติม
พนักงานให้ข้อมูลเรื่องการคืนสินค้าได้ชัดเจน,Positive,การคืนสินค้า
การติดต่อขอข้อมูลเพิ่มเติมใช้เวลานาน,Negative,รายละเอียดเพิ่มเติม
รายละเอียดประกันสินค้ายังไม่ชัดเจน,Negative,ประกัน
การประกันของสินค้านี้คุ้มค่ามาก,Positive,ประกัน
การประกันครอบคลุมระยะเวลานานกว่าที่คิด,Positive,ประกัน
ได้รับการช่วยเหลือเรื่องการคืนสินค้าอย่างรวดเร็ว,Positive,การคืนสินค้า
อยากทราบขั้นตอนการขอเงินคืน,Neutral,การคืนสินค้า
รายละเอียดประกันเข้าใจยาก,Negative,ประกัน
ขอข้อมูลเพิ่มเติมเกี่ยวกับการซ่อมสินค้า,Neutral,รายละเอียดเพิ่มเติม
ได้รับเงินคืนภายในไม่กี่วัน,Positive,การคืนสินค้า
ขั้นตอนการคืนสินค้ายุ่งยาก,Negative,การคืนสินค้า
รายละเอียดการคืนสินค้าไม่ชัดเจน,Neutral,การคืนสินค้า
ซัพพอร์ตให้ข้อมูลเพิ่มเติมเกี่ยวกับประกันได้ละเอียด,Positive,ประกัน
พนักงานให้ข้อมูลการประกันได้ไม่ครบ,Negative,ประกัน
ขั้นตอนการเคลมประกันซับซ้อน,Negative,ประกัน
การขอข้อมูลเพิ่มเติมผ่านแชทสะดวกมาก,Positive,รายละเอียดเพิ่มเติม
การขอข้อมูลเพิ่มเติมทางโทรศัพท์ใช้เวลานาน,Negative,รายละเอียดเพิ่มเติม
ซัพพอร์ตให้ข้อมูลการคืนสินค้าไม่ครบถ้วน,Negative,การคืนสินค้า
ได้รับข้อมูลประกันที่ตรงกับความต้องการ,Positive,ประกัน
รายละเอียดประกันมีประโยชน์มาก,Positive,ประกัน
อยากทราบเงื่อนไขการประกัน,Neutral,ประกัน
การคืนสินค้าไม่เป็นไปตามที่ระบุ,Negative,การคืนสินค้า
ได้รับการบริการที่ดีจากซัพพอร์ตในการคืนสินค้า,Positive,การคืนสินค้า
อยากทราบข้อมูลเพิ่มเติมเกี่ยวกับการขนส่ง,Neutral,รายละเอียดเพิ่มเติม
การประกันครอบคลุมหลายด้านดีมาก,Positive,ประกัน
การประกันไม่ได้ครอบคลุมตามที่แจ้งไว้,Negative,ประกัน
ขอรายละเอียดการขนส่งเพิ่มเติม,Neutral,รายละเอียดเพิ่มเติม
ซัพพอร์ตตอบคำถามเกี่ยวกับประกันได้เร็ว,Positive,ประกัน
การขอข้อมูลเพิ่มเติมยุ่งยากมาก,Negative,รายละเอียดเพิ่มเติม
ซัพพอร์ตไม่สามารถตอบคำถามเรื่องการคืนสินค้าได้,Negative,การคืนสินค้า
อยากทราบข้อมูลการประกันแบบละเอียด,Neutral,ประกัน
ได้รับการคืนเงินตามที่สัญญาไว้,Positive,การคืนสินค้า
ซัพพอร์ตให้ข้อมูลผิดเกี่ยวกับการคืนสินค้า,Negative,การคืนสินค้า
การประกันครอบคลุมดีและให้บริการที่ดี,Positive,ประกัน
การตอบกลับของพนักงานรวดเร็วและมีประโยชน์,Positive,รายละเอียดเพิ่มเติม
ขอข้อมูลการประกันเพิ่มเติมแต่ยังไม่ได้รับคำตอบ,Neutral,ประกัน
ข้อมูลประกันที่ได้รับไม่ตรงกับที่แจ้งไว้,Negative,ประกัน
การขอเงินคืนทำได้ง่ายและรวดเร็ว,Positive,การคืนสินค้า
ข้อมูลที่ได้รับจากซัพพอร์ตมีประโยชน์,Positive,รายละเอียดเพิ่มเติม
รายละเอียดการคืนสินค้ายังไม่ครบถ้วน,Neutral,การคืนสินค้า
การขอเงินคืนทำได้ยากเกินไป,Negative,การคืนสินค้า
ขั้นตอนการขอเงินคืนใช้เวลานาน,Negative,การคืนสินค้า
ได้รับการช่วยเหลือที่ดีจากซัพพอร์ต,Positive,รายละเอียดเพิ่มเติม
การให้บริการของซัพพอร์ตไม่ดี,Negative,รายละเอียดเพิ่มเติม
พนักงานให้ข้อมูลเพิ่มเติมไม่ตรงกับที่ต้องการ,Negative,รายละเอียดเพิ่มเติม
ได้รับการคืนเงินที่รวดเร็วและสะดวก,Positive,การคืนสินค้า
ซัพพอร์ตให้คำแนะนำเกี่ยวกับการประกันที่ดี,Positive,ประกัน
การคืนสินค้าได้รับการดูแลอย่างดี,Positive,การคืนสินค้า
การขอเงินคืนทำได้ง่ายและสะดวก,Positive,การคืนสินค้า
รายละเอียดประกันที่ได้รับไม่เพียงพอ,Negative,ประกัน
อยากทราบวิธีการคืนสินค้า,Neutral,การคืนสินค้า
การติดต่อเพื่อขอข้อมูลเพิ่มเติมทำได้ง่าย,Positive,รายละเอียดเพิ่มเติม
พนักงานให้บริการการคืนสินค้าที่มีประสิทธิภาพ,Positive,การคืนสินค้า
การประกันของสินค้ายังไม่ชัดเจน,Neutral,ประกัน
รายละเอียดประกันทำให้ฉันตัดสินใจซื้อได้ง่ายขึ้น,Positive,ประกัน
การขอข้อมูลเพิ่มเติมผ่านอีเมลล่าช้า,Negative,รายละเอียดเพิ่มเติม
อยากทราบข้อมูลการคืนสินค้าเพิ่มเติม,Neutral,การคืนสินค้า
ได้รับการบริการคืนสินค้าที่ดี,Positive,การคืนสินค้า
การประกันไม่ครอบคลุมเท่าที่ควร,Negative,ประกัน
ขอรายละเอียดเพิ่มเติมเกี่ยวกับวิธีการส่งคืน,Neutral,การคืนสินค้า
การคืนสินค้าทำได้สะดวกและง่าย,Positive,การคืนสินค้า
รายละเอียดประกันทำให้เข้าใจได้ง่าย,Positive,ประกัน
ข้อมูลที่ได้รับจากการขอข้อมูลเพิ่มเติมไม่ชัดเจน,Negative,รายละเอียดเพิ่มเติม
การคืนสินค้าได้รับการจัดการอย่างรวดเร็ว,Positive,การคืนสินค้า
ขอข้อมูลเพิ่มเติมเกี่ยวกับการขนส่ง,Neutral,รายละเอียดเพิ่มเติม
ได้รับการบริการคืนสินค้าที่ดีมาก,Positive,การคืนสินค้า
การตอบกลับจากซัพพอร์ตใช้เวลานาน,Negative,รายละเอียดเพิ่มเติม
การให้ข้อมูลเกี่ยวกับการคืนสินค้าล่าช้า,Negative,การคืนสินค้า
รายละเอียดประกันครอบคลุมดี,Positive,ประกัน
ข้อมูลการประกันไม่ตรงกับความต้องการ,Neutral,ประกัน
การประกันสินค้ามีประโยชน์มาก,Positive,ประกัน
การคืนสินค้าถูกปฏิเสธโดยไม่มีเหตุผล,Negative,การคืนสินค้า
ซัพพอร์ตให้ข้อมูลได้ละเอียดและครบถ้วน,Positive,รายละเอียดเพิ่มเติม
การคืนสินค้าที่ได้รับความช่วยเหลือจากพนักงาน,Positive,การคืนสินค้า
การให้ข้อมูลประกันไม่ครอบคลุมเพียงพอ,Negative,ประกัน
การขอข้อมูลเพิ่มเติมได้คำตอบที่ชัดเจน,Positive,รายละเอียดเพิ่มเติม
การขอข้อมูลเพิ่มเติมจากซัพพอร์ตช้ามาก,Negative,รายละเอียดเพิ่มเติม
การคืนสินค้ามีขั้นตอนที่ยุ่งยาก,Negative,การคืนสินค้า
ซัพพอร์ตให้บริการคืนสินค้าด้วยความเป็นกันเอง,Positive,การคืนสินค้า
ข้อมูลการคืนสินค้าที่ได้รับไม่ถูกต้อง,Negative,การคืนสินค้า
รายละเอียดประกันทำให้เข้าใจยาก,Negative,ประกัน
การประกันที่ได้รับครอบคลุมดีมาก,Positive,ประกัน
การขอคืนเงินผ่านบัตรเครดิตทำได้รวดเร็ว,Positive,การคืนสินค้า
ซัพพอร์ตตอบแชทช้าเกินไป,Negative,รายละเอียดเพิ่มเติม
ข้อมูลการรับประกันสินค้าในเว็บไซต์สับสน,Negative,ประกัน
พนักงานให้คำปรึกษาอย่างมีประสิทธิภาพ,Positive,รายละเอียดเพิ่มเติม
การจัดส่งสินค้าเกิดความล่าช้า,Negative,รายละเอียดเพิ่มเติม
ประกันสินค้าครอบคลุมความเสียหายที่คาดไม่ถึง,Positive,ประกัน
ขั้นตอนการเปลี่ยนสินค้ายุ่งยากเกินไป,Negative,การคืนสินค้า
ได้รับคำแนะนำที่เป็นประโยชน์ในการเลือกประกัน,Positive,ประกัน
ติดต่อซัพพอร์ตทางโทรศัพท์ไม่สะดวก,Negative,รายละเอียดเพิ่มเติม
การคืนเงินผ่านแอปพลิเคชันทำได้ง่ายมาก,Positive,การคืนสินค้า
ประกันมีข้อจำกัดที่ไม่แจ้งล่วงหน้า,Negative,ประกัน
ขั้นตอนการขอเงินคืนผ่านออนไลน์ซับซ้อนเกินไป,Negative,การคืนสินค้า